carrera,campus,modalidad,min_2021,min_2022,min_2023,min_2024,min_2025,min_2026,inc_25_26,aspirantes_2026
DESARROLLO COMUNITARIO PARA EL ENVEJECIMIENTO,TLAXCALA,escolarizado,,,40.0,45.0,52.0,96.0,44,6
PSICOLOGIA,TLAXCALA,escolarizado,,,55.0,60.0,50.0,92.0,42,82
PEDAGOGIA,FACULTAD DE FILOSOFÍA Y LETRAS,abierta,62.0,64.0,63.0,70.0,68.0,101.0,33,1099
ENFERMERIA,TLAXCALA,escolarizado,,,50.0,60.0,56.0,87.0,31,100
FISIOTERAPIA,ESCUELA NAL. DE ESTUDIOS SUP. UNIDAD LEÓN,escolarizado,69.0,68.0,62.0,60.0,61.0,89.0,28,465
INGENIERIA DE MINAS Y METALURGIA,FACULTAD DE INGENIERÍA,escolarizado,85.0,80.0,72.0,71.0,62.0,90.0,28,137
ADMINISTRACION DE ARCHIVOS Y GESTION DOCUMENTAL,FACULTAD DE FILOSOFÍA Y LETRAS,escolarizado,73.0,65.0,61.0,54.0,55.0,82.0,27,96
INGENIERIA PETROLERA,FACULTAD DE INGENIERÍA,escolarizado,72.0,61.0,59.0,70.0,72.0,98.0,26,531
ENFERMERIA,FES IZTACALA,escolarizado,73.0,74.0,82.0,76.0,77.0,102.0,25,1857
PEDAGOGIA,FES ACATLÁN,escolarizado,71.0,68.0,73.0,69.0,67.0,92.0,25,1012
PSICOLOGIA,FES IZTACALA,suayed,60.0,62.0,63.0,62.0,60.0,85.0,25,3738
CIENCIAS DE LA COMUNICACION,FACULTAD DE CIENCIAS POLÍTICAS Y SOCIALES,abierta,55.0,60.0,55.0,65.0,66.0,90.0,24,358
COMUNICACION Y PERIODISMO,FES ARAGÓN,escolarizado,76.0,69.0,63.0,61.0,64.0,88.0,24,1175
ENFERMERIA,FACULTAD DE ENFERMERIA Y OBSTETRICIA,escolarizado,,,80.0,79.0,75.0,99.0,24,1477
ENFERMERIA,FES ZARAGOZA,escolarizado,77.0,74.0,83.0,78.0,79.0,103.0,24,2841
ADMINISTRACION,FACULTAD DE CONTADURÍA Y ADMINISTRACIÓN,abierta,75.0,76.0,67.0,76.0,78.0,101.0,23,906
ADMINISTRACION,FACULTAD DE CONTADURÍA Y ADMINISTRACIÓN,suayed,78.0,76.0,74.0,73.0,75.0,98.0,23,2097
COMUNICACION,FES ACATLÁN,escolarizado,84.0,84.0,70.0,65.0,68.0,91.0,23,896
INGENIERIA CIVIL,FES ACATLÁN,escolarizado,68.0,61.0,64.0,63.0,66.0,89.0,23,647
QUIMICA INDUSTRIAL,FES CUAUTITLÁN,escolarizado,74.0,60.0,53.0,59.0,59.0,82.0,23,248
ARQUITECTURA,FES ACATLÁN,escolarizado,78.0,78.0,78.0,78.0,77.0,99.0,22,1479
CONTADURIA,FACULTAD DE CONTADURÍA Y ADMINISTRACIÓN,abierta,69.0,72.0,72.0,75.0,75.0,97.0,22,1006
CONTADURIA,FACULTAD DE CONTADURÍA Y ADMINISTRACIÓN,suayed,77.0,79.0,77.0,76.0,79.0,101.0,22,2393
ECOLOGIA,FES IZTACALA,escolarizado,,71.0,70.0,63.0,63.0,85.0,22,117
INGENIERIA GEOMATICA,FACULTAD DE INGENIERÍA,escolarizado,49.0,61.0,55.0,67.0,65.0,87.0,22,85
INGENIERIA QUIMICA,FES CUAUTITLÁN,escolarizado,74.0,66.0,56.0,62.0,63.0,85.0,22,284
ODONTOLOGIA,ESCUELA NAL. DE ESTUDIOS SUP. UNIDAD LEÓN,escolarizado,75.0,75.0,73.0,80.0,83.0,105.0,22,1049
PEDAGOGIA,FES ARAGÓN,escolarizado,66.0,69.0,72.0,73.0,70.0,92.0,22,1591
RELACIONES INTERNACIONALES,FACULTAD DE CIENCIAS POLÍTICAS Y SOCIALES,suayed,65.0,58.0,64.0,57.0,61.0,83.0,22,607
ADMINISTRACION,FES CUAUTITLÁN,escolarizado,68.0,66.0,59.0,59.0,60.0,81.0,21,1098
ARQUITECTURA,FES ARAGÓN,escolarizado,78.0,77.0,78.0,80.0,82.0,103.0,21,1869
DERECHO,FACULTAD DE DERECHO,suayed,57.0,54.0,54.0,50.0,62.0,83.0,21,2298
ECONOMIA,FACULTAD DE ECONOMÍA,abierta,59.0,65.0,60.0,55.0,65.0,86.0,21,346
"ING. EN TELECOMUNICACIONES, SISTEMAS Y ELECTRONICA",FES CUAUTITLÁN,escolarizado,66.0,62.0,57.0,61.0,59.0,80.0,21,397
INGENIERIA INDUSTRIAL,FES ARAGÓN,escolarizado,75.0,76.0,74.0,76.0,78.0,99.0,21,662
RELACIONES INTERNACIONALES,FES ARAGÓN,abierta,53.0,52.0,47.0,50.0,52.0,73.0,21,173
ECONOMIA,FACULTAD DE ECONOMÍA,escolarizado,75.0,72.0,68.0,70.0,76.0,96.0,20,2016
ENSEÑANZA DE INGLES COMO LENGUA EXTRANJERA,FES ACATLÁN,suayed,56.0,56.0,46.0,48.0,50.0,70.0,20,307
INGENIERIA INDUSTRIAL,FES CUAUTITLÁN,escolarizado,74.0,72.0,68.0,73.0,75.0,95.0,20,451
OPTOMETRIA,FES IZTACALA,escolarizado,73.0,73.0,75.0,75.0,77.0,97.0,20,320
BIOLOGIA,FES ZARAGOZA,escolarizado,74.0,76.0,79.0,76.0,76.0,95.0,19,816
CIENCIAS POLITICAS Y ADMON PUBLICA,FACULTAD DE CIENCIAS POLÍTICAS Y SOCIALES,suayed,48.0,48.0,51.0,50.0,50.0,69.0,19,523
CIRUJANO DENTISTA,FES IZTACALA,escolarizado,82.0,82.0,86.0,89.0,90.0,109.0,19,2884
ECONOMIA,FES ACATLÁN,escolarizado,68.0,67.0,60.0,63.0,68.0,87.0,19,623
ECONOMIA,FES ARAGÓN,escolarizado,68.0,70.0,63.0,67.0,74.0,93.0,19,750
INGENIERIA CIVIL,FES ARAGÓN,escolarizado,63.0,60.0,66.0,65.0,68.0,87.0,19,777
INGENIERIA ELECTRICA ELECTRONICA,FES ARAGÓN,escolarizado,69.0,68.0,74.0,74.0,77.0,96.0,19,592
INGENIERIA MECANICA ELECTRICA,FES CUAUTITLÁN,escolarizado,65.0,63.0,60.0,63.0,67.0,86.0,19,698
LENGUA Y LITERATURAS MODERNAS (LETRAS PORTUGUESAS),FACULTAD DE FILOSOFÍA Y LETRAS,escolarizado,42.0,48.0,48.0,56.0,44.0,63.0,19,14
ADMINISTRACION,FACULTAD DE CONTADURÍA Y ADMINISTRACIÓN,escolarizado,87.0,90.0,,90.0,90.0,108.0,18,7250
CIENCIAS AGROGENOMICAS,ESCUELA NAL. DE ESTUDIOS SUP. UNIDAD LEÓN,escolarizado,,,,,62.0,80.0,18,72
CONTADURIA,FACULTAD DE CONTADURÍA Y ADMINISTRACIÓN,escolarizado,80.0,81.0,,85.0,86.0,104.0,18,5189
ECONOMIA,FACULTAD DE ECONOMÍA,suayed,64.0,62.0,60.0,55.0,64.0,82.0,18,815
ENFERMERIA Y OBSTETRICIA,FACULTAD DE ENFERMERIA Y OBSTETRICIA,escolarizado,,,87.0,89.0,90.0,108.0,18,2021
INFORMATICA,FES CUAUTITLÁN,escolarizado,69.0,64.0,64.0,62.0,60.0,78.0,18,258
MEDICINA VETERINARIA Y ZOOTECNIA,FES CUAUTITLÁN,escolarizado,86.0,89.0,92.0,88.0,89.0,107.0,18,2479
ORTESIS Y PROTESIS,ESCUELA NAL. DE ESTUDIOS SUP. UNIDAD JURIQUILLA,escolarizado,,,,,72.0,90.0,18,131
PEDAGOGIA,FACULTAD DE FILOSOFÍA Y LETRAS,escolarizado,70.0,73.0,75.0,75.0,76.0,94.0,18,1626
RELACIONES INTERNACIONALES,FES ARAGÓN,escolarizado,85.0,86.0,86.0,88.0,87.0,105.0,18,1323
CIENCIAS POLITICAS Y ADMON PUBLICA,FES ACATLÁN,escolarizado,73.0,44.0,56.0,56.0,67.0,84.0,17,332
CIRUJANO DENTISTA,FES ZARAGOZA,escolarizado,78.0,84.0,88.0,90.0,92.0,109.0,17,2648
DERECHO,FES ARAGÓN,abierta,55.0,55.0,51.0,50.0,53.0,70.0,17,411
INGENIERIA GEOLOGICA,FACULTAD DE INGENIERÍA,escolarizado,70.0,65.0,70.0,57.0,70.0,87.0,17,118
INGENIERIA MECANICA,FES ARAGÓN,escolarizado,80.0,81.0,82.0,78.0,87.0,104.0,17,967
LENGUA Y LITERATURAS MODERNAS (LETRAS ALEMANAS),FACULTAD DE FILOSOFÍA Y LETRAS,escolarizado,41.0,48.0,51.0,75.0,46.0,63.0,17,8
PSICOLOGIA,FES IZTACALA,escolarizado,80.0,80.0,91.0,87.0,87.0,104.0,17,2458
PSICOLOGIA,FES ZARAGOZA,escolarizado,81.0,83.0,89.0,88.0,88.0,105.0,17,2762
RELACIONES INTERNACIONALES,FACULTAD DE CIENCIAS POLÍTICAS Y SOCIALES,abierta,60.0,62.0,60.0,65.0,79.0,96.0,17,233
RELACIONES INTERNACIONALES,FES ACATLÁN,escolarizado,82.0,85.0,81.0,87.0,86.0,103.0,17,945
DERECHO,FACULTAD DE DERECHO,escolarizado,83.0,82.0,85.0,86.0,89.0,105.0,16,6142
DERECHO,FES ACATLÁN,escolarizado,72.0,65.0,62.0,70.0,71.0,87.0,16,1934
FARMACIA,FES CUAUTITLÁN,escolarizado,77.0,69.0,67.0,59.0,63.0,79.0,16,260
INGENIERIA CIVIL,FACULTAD DE INGENIERÍA,escolarizado,85.0,82.0,82.0,89.0,88.0,104.0,16,1501
SOCIOLOGIA,FACULTAD DE CIENCIAS POLÍTICAS Y SOCIALES,abierta,41.0,50.0,47.0,50.0,50.0,66.0,16,121
URBANISMO,FACULTAD DE ARQUITECTURA,escolarizado,79.0,73.0,78.0,71.0,83.0,99.0,16,125
BIOLOGIA,FES IZTACALA,escolarizado,83.0,74.0,69.0,84.0,79.0,94.0,15,770
DISEÑO INDUSTRIAL,FES ARAGÓN,escolarizado,86.0,85.0,86.0,90.0,91.0,106.0,15,822
GEOHISTORIA,ESCUELA NAL. DE ESTUDIOS SUP. UNIDAD MORELIA,escolarizado,41.0,45.0,56.0,55.0,48.0,63.0,15,9
INGENIERIA EN COMPUTACION,FES ARAGÓN,escolarizado,80.0,79.0,85.0,87.0,89.0,104.0,15,1689
LINGÜISTICA APLICADA,"ESCUELA NACIONAL DE LENGUAS, LINGÜÍSTICA Y TRADUCCIÓN",escolarizado,78.0,56.0,69.0,54.0,55.0,70.0,15,130
PSICOLOGIA,FACULTAD DE PSICOLOGÍA,abierta,71.0,69.0,73.0,73.0,78.0,93.0,15,1601
QUIMICA DE ALIMENTOS,FACULTAD DE QUÍMICA,escolarizado,94.0,94.0,94.0,98.0,91.0,106.0,15,557
SOCIOLOGIA,FACULTAD DE CIENCIAS POLÍTICAS Y SOCIALES,escolarizado,66.0,62.0,73.0,72.0,73.0,88.0,15,234
CONTADURIA,FES CUAUTITLÁN,escolarizado,62.0,57.0,57.0,57.0,60.0,74.0,14,991
DERECHO,FES ARAGÓN,escolarizado,63.0,71.0,67.0,74.0,79.0,93.0,14,2929
DISEÑO Y COMUNICACION VISUAL,FES CUAUTITLÁN,escolarizado,96.0,96.0,95.0,93.0,87.0,101.0,14,694
INGENIERIA QUIMICA METALURGICA,FACULTAD DE QUÍMICA,escolarizado,86.0,85.0,80.0,67.0,72.0,86.0,14,98
NUTRIOLOGIA,FES ZARAGOZA,escolarizado,100.0,94.0,95.0,97.0,95.0,109.0,14,1735
TRABAJO SOCIAL,ESCUELA NACIONAL DE TRABAJO SOCIAL,abierta,59.0,60.0,52.0,56.0,59.0,73.0,14,178
ARQUITECTURA DE PAISAJE,FACULTAD DE ARQUITECTURA,escolarizado,86.0,87.0,76.0,83.0,87.0,100.0,13,308
CIENCIAS POLITICAS Y ADMON PUBLICA,FACULTAD DE CIENCIAS POLÍTICAS Y SOCIALES,abierta,50.0,43.0,52.0,50.0,57.0,70.0,13,207
INGENIERIA INDUSTRIAL,FACULTAD DE INGENIERÍA,escolarizado,93.0,85.0,89.0,90.0,95.0,108.0,13,1176
INGENIERIA QUIMICA,FACULTAD DE QUÍMICA,escolarizado,105.0,95.0,94.0,94.0,95.0,108.0,13,645
INGENIERIA QUIMICA,FES ZARAGOZA,escolarizado,75.0,51.0,53.0,52.0,67.0,80.0,13,390
SOCIOLOGIA,FACULTAD DE CIENCIAS POLÍTICAS Y SOCIALES,suayed,40.0,40.0,40.0,50.0,50.0,63.0,13,280
ARQUITECTURA,FACULTAD DE ARQUITECTURA,escolarizado,91.0,90.0,90.0,95.0,96.0,108.0,12,4730
CIENCIAS POLITICAS Y ADMON PUBLICA,FACULTAD DE CIENCIAS POLÍTICAS Y SOCIALES,escolarizado,89.0,83.0,88.0,88.0,92.0,104.0,12,699
CIRUJANO DENTISTA,FACULTAD DE ODONTOLOGÍA,escolarizado,90.0,90.0,96.0,98.0,100.0,112.0,12,3060
ACTUARIA,FES ACATLÁN,escolarizado,98.0,93.0,87.0,94.0,97.0,108.0,11,773
BIOLOGIA,FACULTAD DE CIENCIAS,escolarizado,95.0,91.0,95.0,93.0,95.0,106.0,11,1504
CIENCIAS DE LA COMUNICACION,FACULTAD DE CIENCIAS POLÍTICAS Y SOCIALES,escolarizado,94.0,94.0,94.0,97.0,98.0,109.0,11,1682
DISEÑO Y COMUNICACION VISUAL,FES CUAUTITLÁN,suayed,76.0,80.0,76.0,74.0,71.0,82.0,11,1043
ECONOMIA,FES ARAGÓN,abierta,53.0,46.0,40.0,53.0,57.0,68.0,11,143
INGENIERIA AMBIENTAL,FACULTAD DE INGENIERÍA,escolarizado,96.0,92.0,95.0,91.0,94.0,105.0,11,189
INGENIERIA EN TELECOMUNICACIONES,FACULTAD DE INGENIERÍA,escolarizado,,,,81.0,90.0,101.0,11,227
QUIMICA,FES CUAUTITLÁN,escolarizado,75.0,69.0,71.0,65.0,67.0,78.0,11,145
RELACIONES INTERNACIONALES,FES ACATLÁN,abierta,50.0,40.0,40.0,50.0,47.0,58.0,11,167
BIOQUIMICA DIAGNOSTICA,FES CUAUTITLÁN,escolarizado,99.0,80.0,89.0,95.0,91.0,101.0,10,397
CIENCIAS DE LA TIERRA,ESCUELA NACIONAL DE CIENCIAS DE LA TIERRA,escolarizado,91.0,85.0,84.0,78.0,63.0,73.0,10,132
DESARROLLO Y GESTION INTERCULTURALES,FACULTAD DE FILOSOFÍA Y LETRAS,escolarizado,78.0,79.0,78.0,80.0,75.0,85.0,10,78
FILOSOFIA,FACULTAD DE FILOSOFÍA Y LETRAS,abierta,79.0,80.0,75.0,80.0,77.0,87.0,10,271
HISTORIA,FACULTAD DE FILOSOFÍA Y LETRAS,abierta,72.0,75.0,70.0,65.0,74.0,84.0,10,248
HISTORIA,FACULTAD DE FILOSOFÍA Y LETRAS,escolarizado,92.0,90.0,80.0,67.0,68.0,78.0,10,361
INGENIERIA ELECTRICA ELECTRONICA,FACULTAD DE INGENIERÍA,escolarizado,91.0,91.0,89.0,96.0,97.0,107.0,10,1468
LENGUA Y LITERATURAS MODERNAS (LETRAS INGLESAS),FACULTAD DE FILOSOFÍA Y LETRAS,abierta,56.0,73.0,56.0,58.0,59.0,69.0,10,59
QUIMICA,FACULTAD DE QUÍMICA,escolarizado,105.0,101.0,101.0,97.0,99.0,109.0,10,450
RELACIONES INTERNACIONALES,FACULTAD DE CIENCIAS POLÍTICAS Y SOCIALES,escolarizado,100.0,98.0,101.0,104.0,102.0,112.0,10,1177
ANTROPOLOGIA,FACULTAD DE CIENCIAS POLÍTICAS Y SOCIALES,escolarizado,72.0,73.0,76.0,71.0,74.0,83.0,9,355
BIOLOGIA,TLAXCALA,escolarizado,,,,60.0,55.0,64.0,9,40
DISEÑO GRAFICO,FES ACATLÁN,escolarizado,93.0,96.0,98.0,97.0,97.0,106.0,9,1310
INGENIERIA AGRICOLA,FES CUAUTITLÁN,escolarizado,65.0,56.0,60.0,59.0,59.0,68.0,9,315
LITERATURA DRAMATICA Y TEATRO,FACULTAD DE FILOSOFÍA Y LETRAS,escolarizado,92.0,98.0,95.0,96.0,93.0,102.0,9,415
MEDICINA VETERINARIA Y ZOOTECNIA,FACULTAD DE MEDICINA VETERINARIA Y ZOOTECNIA,escolarizado,99.0,101.0,103.0,103.0,104.0,113.0,9,4210
QUIMICA FARMACEUTICO BIOLOGICA,FACULTAD DE QUÍMICA,escolarizado,106.0,104.0,105.0,105.0,104.0,113.0,9,2509
BIBLIOTECOLOGIA Y ESTUDIOS DE LA INFORMACION,FACULTAD DE FILOSOFÍA Y LETRAS,escolarizado,41.0,49.0,43.0,45.0,45.0,53.0,8,137
DISEÑO Y COMUNICACION VISUAL,FACULTAD DE ARTES Y DISEÑO,escolarizado,101.0,104.0,102.0,99.0,100.0,108.0,8,1483
FILOSOFIA,FACULTAD DE FILOSOFÍA Y LETRAS,escolarizado,87.0,84.0,85.0,83.0,81.0,89.0,8,335
GEOGRAFIA,FACULTAD DE FILOSOFÍA Y LETRAS,abierta,44.0,59.0,58.0,50.0,52.0,60.0,8,74
INGENIERIA EN COMPUTACION,FACULTAD DE INGENIERÍA,escolarizado,94.0,97.0,97.0,100.0,101.0,109.0,8,2925
MEDICO CIRUJANO,FES ZARAGOZA,escolarizado,106.0,107.0,109.0,110.0,109.0,117.0,8,5063
MATEMATICAS APLICADAS Y COMPUTACION,FES ACATLÁN,escolarizado,50.0,48.0,45.0,48.0,52.0,59.0,7,475
OPTOMETRIA,ESCUELA NAL. DE ESTUDIOS SUP. UNIDAD LEÓN,escolarizado,41.0,48.0,41.0,45.0,45.0,52.0,7,69
ARTES VISUALES,FACULTAD DE ARTES Y DISEÑO,escolarizado,102.0,106.0,99.0,97.0,96.0,102.0,6,1794
ECOLOGIA,ESCUELA NAL. DE ESTUDIOS SUP. UNIDAD MORELIA,escolarizado,,49.0,41.0,47.0,46.0,52.0,6,20
FISICA BIOMEDICA,FACULTAD DE CIENCIAS,escolarizado,101.0,106.0,101.0,101.0,103.0,109.0,6,293
INGENIERIA MECANICA,FACULTAD DE INGENIERÍA,escolarizado,95.0,98.0,99.0,103.0,104.0,110.0,6,2131
MATEMATICAS,FACULTAD DE CIENCIAS,escolarizado,96.0,75.0,77.0,93.0,88.0,94.0,6,374
MEDICO CIRUJANO,FES IZTACALA,escolarizado,105.0,105.0,108.0,108.0,109.0,115.0,6,6434
QUIMICA FARMACEUTICO BIOLOGICA,FES ZARAGOZA,escolarizado,98.0,97.0,99.0,98.0,102.0,108.0,6,1556
SOCIOLOGIA,FES ARAGÓN,escolarizado,46.0,50.0,46.0,45.0,50.0,56.0,6,171
TRABAJO SOCIAL,ESCUELA NACIONAL DE TRABAJO SOCIAL,suayed,53.0,51.0,47.0,50.0,50.0,56.0,6,438
DERECHO,FES ACATLÁN,abierta,48.0,47.0,42.0,50.0,47.0,52.0,5,292
INGENIERIA GEOFISICA,FACULTAD DE INGENIERÍA,escolarizado,68.0,69.0,61.0,79.0,75.0,80.0,5,74
PSICOLOGIA,FACULTAD DE PSICOLOGÍA,escolarizado,99.0,102.0,104.0,104.0,107.0,112.0,5,4360
ACTUARIA,FACULTAD DE CIENCIAS,escolarizado,107.0,105.0,101.0,107.0,109.0,113.0,4,1614
CIENCIAS DE LA COMPUTACION,FACULTAD DE CIENCIAS,escolarizado,104.0,102.0,105.0,107.0,109.0,113.0,4,1270
DERECHO,FACULTAD DE DERECHO,abierta,56.0,59.0,54.0,54.0,58.0,62.0,4,981
DESARROLLO TERRITORIAL,ESCUELA NAL. DE ESTUDIOS SUP. UNIDAD LEÓN,escolarizado,40.0,43.0,45.0,53.0,53.0,57.0,4,12
FISICA,FACULTAD DE CIENCIAS,escolarizado,110.0,108.0,105.0,106.0,104.0,108.0,4,876
CIENCIAS DE LA COMUNICACION,FACULTAD DE CIENCIAS POLÍTICAS Y SOCIALES,suayed,46.0,42.0,40.0,50.0,50.0,53.0,3,415
DESARROLLO COMUNITARIO PARA EL ENVEJECIMIENTO,FES ZARAGOZA,escolarizado,48.0,45.0,40.0,45.0,46.0,49.0,3,89
DESARROLLO Y GESTION INTERCULTURALES,ESCUELA NAL. DE ESTUDIOS SUP. UNIDAD LEÓN,escolarizado,40.0,46.0,42.0,48.0,45.0,48.0,3,23
MEDICO CIRUJANO,FACULTAD DE MEDICINA,escolarizado,111.0,111.0,111.0,112.0,114.0,117.0,3,16411
MUSICA Y TECNOLOGIA ARTISTICA,ESCUELA NAL. DE ESTUDIOS SUP. UNIDAD MORELIA,escolarizado,53.0,52.0,42.0,41.0,46.0,49.0,3,54
GEOCIENCIAS,ESCUELA NAL. DE ESTUDIOS SUP. UNIDAD MORELIA,escolarizado,51.0,51.0,44.0,45.0,47.0,49.0,2,23
LITERATURA INTERCULTURAL,ESCUELA NAL. DE ESTUDIOS SUP. UNIDAD MORELIA,escolarizado,46.0,49.0,40.0,48.0,45.0,47.0,2,20
ARTE Y DISEÑO,"PLANTEL TAXCO, GRO",escolarizado,66.0,68.0,59.0,45.0,48.0,49.0,1,114
CIENCIAS DE LA TIERRA,ESCUELA NAL. DE ESTUDIOS SUP. UNIDAD MÉRIDA,escolarizado,41.0,40.0,40.0,59.0,46.0,47.0,1,14
TRABAJO SOCIAL,ESCUELA NACIONAL DE TRABAJO SOCIAL,escolarizado,55.0,51.0,47.0,45.0,46.0,47.0,1,786
TRADUCCION,"ESCUELA NACIONAL DE LENGUAS, LINGÜÍSTICA Y TRADUCCIÓN",escolarizado,109.0,108.0,110.0,100.0,106.0,107.0,1,438
COMPOSICION,FACULTAD DE MÚSICA,escolarizado,48.0,53.0,56.0,58.0,45.0,45.0,0,70
LENGUA Y LITERATURAS HISPANICAS,FACULTAD DE FILOSOFÍA Y LETRAS,abierta,60.0,61.0,45.0,50.0,55.0,55.0,0,158
MANEJO SUSTENTABLE DE ZONAS COSTERAS,ESCUELA NAL. DE ESTUDIOS SUP. UNIDAD MÉRIDA,escolarizado,46.0,40.0,40.0,47.0,45.0,45.0,0,41
INGENIERIA EN ALIMENTOS,FES CUAUTITLÁN,escolarizado,64.0,57.0,57.0,60.0,62.0,61.0,-1,459
MATEMATICAS APLICADAS,FACULTAD DE CIENCIAS,escolarizado,96.0,93.0,93.0,97.0,101.0,100.0,-1,187
ESTUDIOS SOCIALES Y GESTION LOCAL,ESCUELA NAL. DE ESTUDIOS SUP. UNIDAD MORELIA,escolarizado,42.0,57.0,54.0,45.0,55.0,53.0,-2,40
INGENIERIA AEROESPACIAL,FACULTAD DE INGENIERÍA,escolarizado,114.0,114.0,111.0,116.0,117.0,115.0,-2,1333
TECNOLOGIAS PARA LA INFORMACION EN CIENCIAS,ESCUELA NAL. DE ESTUDIOS SUP. UNIDAD MORELIA,escolarizado,47.0,40.0,43.0,47.0,45.0,43.0,-2,59
ADMINISTRACION AGROPECUARIA,ESCUELA NAL. DE ESTUDIOS SUP. UNIDAD LEÓN,escolarizado,42.0,41.0,40.0,45.0,45.0,42.0,-3,54
LENGUA Y LITERATURAS MODERNAS (LETRAS FRANCESAS),FACULTAD DE FILOSOFÍA Y LETRAS,escolarizado,41.0,56.0,44.0,45.0,45.0,42.0,-3,16
LENGUA Y LITERATURAS MODERNAS (LETRAS INGLESAS),FACULTAD DE FILOSOFÍA Y LETRAS,escolarizado,40.0,40.0,40.0,45.0,45.0,42.0,-3,121
TEATRO Y ACTUACION,FACULTAD DE MÚSICA,escolarizado,70.0,70.0,69.0,66.0,65.0,62.0,-3,704
CIENCIAS AMBIENTALES,ESCUELA NAL. DE ESTUDIOS SUP. UNIDAD MORELIA,escolarizado,41.0,42.0,43.0,46.0,45.0,41.0,-4,39
CIENCIAS AMBIENTALES,ESCUELA NAL. DE ESTUDIOS SUP. UNIDAD MÉRIDA,escolarizado,70.0,55.0,45.0,45.0,45.0,41.0,-4,37
ECONOMIA INDUSTRIAL,ESCUELA NAL. DE ESTUDIOS SUP. UNIDAD LEÓN,escolarizado,71.0,72.0,66.0,63.0,58.0,54.0,-4,161
GEOGRAFIA APLICADA,ESCUELA NAL. DE ESTUDIOS SUP. UNIDAD MÉRIDA,escolarizado,41.0,50.0,61.0,60.0,45.0,41.0,-4,8
LENGUA Y LITERATURAS MODERNAS (LETRAS ITALIANAS),FACULTAD DE FILOSOFÍA Y LETRAS,escolarizado,43.0,40.0,41.0,41.0,47.0,43.0,-4,29
CANTO,FACULTAD DE MÚSICA,escolarizado,59.0,49.0,45.0,46.0,46.0,41.0,-5,55
CIENCIA DE MATERIALES SUSTENTABLES,ESCUELA NAL. DE ESTUDIOS SUP. UNIDAD MORELIA,escolarizado,41.0,43.0,43.0,45.0,45.0,40.0,-5,28
CIENCIAS AGROFORESTALES,ESCUELA NAL. DE ESTUDIOS SUP. UNIDAD MORELIA,escolarizado,43.0,41.0,40.0,49.0,45.0,40.0,-5,42
ECOLOGIA,ESCUELA NAL. DE ESTUDIOS SUP. UNIDAD MÉRIDA,escolarizado,,40.0,42.0,50.0,45.0,40.0,-5,23
EDUCACION MUSICAL,FACULTAD DE MÚSICA,escolarizado,40.0,40.0,40.0,47.0,45.0,40.0,-5,33
ENSEÑANZA DE ESPAÑOL COMO LENGUA EXTRANJERA,FES ACATLÁN,suayed,40.0,41.0,41.0,47.0,50.0,45.0,-5,91
ENSEÑANZA DE INGLES,FES ACATLÁN,escolarizado,60.0,55.0,50.0,45.0,45.0,40.0,-5,213
FILOSOFIA,FES ACATLÁN,escolarizado,55.0,52.0,43.0,45.0,45.0,40.0,-5,108
HISTORIA,FES ACATLÁN,escolarizado,69.0,68.0,54.0,45.0,45.0,40.0,-5,106
INSTRUMENTISTA,FACULTAD DE MÚSICA,escolarizado,40.0,41.0,41.0,41.0,45.0,40.0,-5,106
LENGUA Y LITERATURAS HISPANICAS,FACULTAD DE FILOSOFÍA Y LETRAS,escolarizado,87.0,86.0,78.0,70.0,69.0,64.0,-5,202
PLANIF PARA EL DESARROLLO AGROPECUARIO,FES ARAGÓN,escolarizado,44.0,40.0,40.0,46.0,45.0,40.0,-5,95
SOCIOLOGIA,FES ACATLÁN,escolarizado,45.0,40.0,40.0,45.0,45.0,40.0,-5,149
TRADUCCION,"SAN MIGUEL DE ALLENDE, GUANAJUATO",escolarizado,57.0,69.0,42.0,42.0,45.0,40.0,-5,29
TURISMO Y DESARROLLO SOSTENIBLE,ESCUELA NAL. DE ESTUDIOS SUP. UNIDAD LEÓN,escolarizado,,58.0,59.0,45.0,45.0,40.0,-5,92
ADMINISTRACION DE ARCHIVOS Y GESTION DOCUMENTAL,ESCUELA NAL. DE ESTUDIOS SUP. UNIDAD MORELIA,suayed,,40.0,41.0,50.0,51.0,45.0,-6,135
PIANO,FACULTAD DE MÚSICA,escolarizado,44.0,41.0,42.0,41.0,51.0,44.0,-7,30
SOCIOLOGIA APLICADA,ESCUELA NAL. DE ESTUDIOS SUP. UNIDAD MÉRIDA,escolarizado,,,,50.0,49.0,42.0,-7,25
ESTUDIOS LATINOAMERICANOS,FACULTAD DE FILOSOFÍA Y LETRAS,escolarizado,70.0,40.0,40.0,45.0,55.0,47.0,-8,109
ETNOMUSICOLOGIA,FACULTAD DE MÚSICA,escolarizado,42.0,45.0,50.0,45.0,50.0,40.0,-10,12
LENGUA Y LITERATURAS HISPANICAS,FES ACATLÁN,escolarizado,63.0,60.0,48.0,47.0,50.0,40.0,-10,67
LETRAS CLASICAS,FACULTAD DE FILOSOFÍA Y LETRAS,escolarizado,76.0,82.0,78.0,65.0,77.0,64.0,-13,60
HISTORIA DEL ARTE,ESCUELA NAL. DE ESTUDIOS SUP. UNIDAD MORELIA,escolarizado,59.0,44.0,43.0,46.0,55.0,41.0,-14,27
DESARROLLO Y GESTION INTERCULTURALES,ESCUELA NAL. DE ESTUDIOS SUP. UNIDAD MÉRIDA,escolarizado,47.0,40.0,43.0,50.0,56.0,40.0,-16,22
ARTE Y DISEÑO,ESCUELA NAL. DE ESTUDIOS SUP. UNIDAD MORELIA,escolarizado,67.0,69.0,69.0,60.0,58.0,41.0,-17,146
GEOGRAFIA APLICADA,ESCUELA NACIONAL DE CIENCIAS DE LA TIERRA,escolarizado,85.0,50.0,48.0,46.0,63.0,45.0,-18,29
CIENCIAS DE LA TIERRA,ESCUELA NAL. DE ESTUDIOS SUP. UNIDAD JURIQUILLA,escolarizado,80.0,65.0,57.0,,66.0,40.0,-26,54
GEOGRAFIA,FACULTAD DE FILOSOFÍA Y LETRAS,escolarizado,52.0,48.0,49.0,50.0,66.0,40.0,-26,90
TECNOLOGIA,ESCUELA NAL. DE ESTUDIOS SUP. UNIDAD JURIQUILLA,escolarizado,,,,,81.0,45.0,-36,63
MATEMATICAS PARA EL DESARROLLO,ESCUELA NAL. DE ESTUDIOS SUP. UNIDAD JURIQUILLA,escolarizado,,,,,83.0,40.0,-43,40
